{
    "$schema": "https://schema.management.azure.com/schemas/2015-01-01/deploymentTemplate.json#",
    "contentVersion": "1.0.0.0",
    "parameters": {
        "databaseAccounts_poat_name": {
            "defaultValue": "poat",
            "type": "String"
        }
    },
    "variables": {},
    "resources": [
        {
            "type": "Microsoft.DocumentDB/databaseAccounts",
            "apiVersion": "2020-03-01",
            "name": "[parameters('databaseAccounts_poat_name')]",
            "location": "Canada Central",
            "tags": {
                "defaultExperience": "Azure Cosmos DB for MongoDB API",
                "project": "family-ledger",
                "hidden-cosmos-mmspecial": "",
                "CosmosAccountType": "Non-Production"
            },
            "kind": "MongoDB",
            "properties": {
                "publicNetworkAccess": "Enabled",
                "enableAutomaticFailover": false,
                "enableMultipleWriteLocations": false,
                "isVirtualNetworkFilterEnabled": false,
                "virtualNetworkRules": [],
                "disableKeyBasedMetadataWriteAccess": false,
                "databaseAccountOfferType": "Standard",
                "consistencyPolicy": {
                    "defaultConsistencyLevel": "Session",
                    "maxIntervalInSeconds": 5,
                    "maxStalenessPrefix": 100
                },
                "locations": [
                    {
                        "locationName": "Canada Central",
                        "provisioningState": "Succeeded",
                        "failoverPriority": 0,
                        "isZoneRedundant": false
                    }
                ],
                "capabilities": [
                    {
                        "name": "EnableMongo"
                    }
                ]
            }
        },
        {
            "type": "Microsoft.DocumentDB/databaseAccounts/mongodbDatabases",
            "apiVersion": "2020-03-01",
            "name": "[concat(parameters('databaseAccounts_poat_name'), '/FamilyLedger')]",
            "dependsOn": [
                "[resourceId('Microsoft.DocumentDB/databaseAccounts', parameters('databaseAccounts_poat_name'))]"
            ],
            "properties": {
                "resource": {
                    "id": "FamilyLedger"
                },
                "options": {}
            }
        },
        {
            "type": "Microsoft.DocumentDB/databaseAccounts/mongodbDatabases/collections",
            "apiVersion": "2020-03-01",
            "name": "[concat(parameters('databaseAccounts_poat_name'), '/FamilyLedger/LedgerEvents')]",
            "dependsOn": [
                "[resourceId('Microsoft.DocumentDB/databaseAccounts/mongodbDatabases', parameters('databaseAccounts_poat_name'), 'FamilyLedger')]",
                "[resourceId('Microsoft.DocumentDB/databaseAccounts', parameters('databaseAccounts_poat_name'))]"
            ],
            "properties": {
                "resource": {
                    "id": "LedgerEvents",
                    "shardKey": {
                        "id": "Hash"
                    },
                    "indexes": [
                        {
                            "key": {
                                "keys": [
                                    "_id"
                                ]
                            },
                            "options": {}
                        },
                        {
                            "key": {
                                "keys": [
                                    "DocumentDBDefaultIndex"
                                ]
                            },
                            "options": {}
                        }
                    ]
                },
                "options": {}
            }
        },
        {
            "type": "Microsoft.DocumentDB/databaseAccounts/mongodbDatabases/throughputSettings",
            "apiVersion": "2020-03-01",
            "name": "[concat(parameters('databaseAccounts_poat_name'), '/FamilyLedger/default')]",
            "dependsOn": [
                "[resourceId('Microsoft.DocumentDB/databaseAccounts/mongodbDatabases', parameters('databaseAccounts_poat_name'), 'FamilyLedger')]",
                "[resourceId('Microsoft.DocumentDB/databaseAccounts', parameters('databaseAccounts_poat_name'))]"
            ],
            "properties": {
                "resource": {
                    "throughput": 400
                }
            }
        }
    ]
}